{
	"powers": [
		"origins:fire_immunity",
		"origins:nether_spawn",
		"origins:no_shield",
		"magmite:cooling",
		"magmite:hardening",
		"magmite:heating",
		"magmite:melting",
		"magmite:actual_lava_swimmin",
		"magmite:lava_vision",
		"magmite:flare",
		"magmite:eatmagma",
		"magmite:nofood",
		"magmite:rain_fusion"
	],
	"icon": "minecraft:magma_cream",
	"order": 10,
	"impact": 3,
	"name": "Magmite",
	"description": "Descended from the magma cubes of the basalt deltas, these magma-composed creatures are influenced heavily by the temperature of their surroundings."
}