{
 "type": "origins:multiple",
 "hardening": {
  "type": "origins:stacking_status_effect",
  "min_stacks": 0,
  "max_stacks": 1,
  "duration_per_stack": 20,
  "effect": {
	  "effect": "minecraft:resistance",
      "duration": 100,
      "amplifier": 1,
      "is_ambient": true,
      "show_particles": false,
      "show_icon": true
    },
  "condition": {
   "type": "origins:submerged_in",
   "fluid": "minecraft:water"
  }
  },
 "petrified":  {
  "type": "origins:stacking_status_effect",
  "min_stacks": 0,
  "max_stacks": 1,
  "duration_per_stack" : 20,
  "effect": {
	  "effect": "minecraft:slowness",
      "duration": 100,
      "amplifier": 3,
      "is_ambient": true,
      "show_particles": false,
      "show_icon": true
    },
  "condition": {
   "type": "origins:submerged_in",
   "fluid": "minecraft:water"
  }
 },
 "name": "Hardening",
 "description": "When in water you gain resistance and extra slowness. These effects are both weaker in the rain."
}