{
  "type": "origins:stacking_status_effect",
  "min_stacks": 0,
  "max_stacks": 1,
  "duration_per_stack": 20,
  "effect": {
      "effect": "minecraft:speed",
      "duration": 100,
      "amplifier": 0,
      "is_ambient": true,
      "show_particles": false,
      "show_icon": true
  },
  "condition": {
      "type": "origins:on_fire",
	  "inverted": false
  },
  "name": "Heating",
  "description": "When your body is on fire, your magma begins to heat, and you gain speed 1."   
}