{
 "type": "origins:multiple",
 "rainslowness": {
  "type": "origins:stacking_status_effect",
  "min_stacks": 0,
  "max_stacks": 1,
  "duration_per_stack": 20,
  "effect": {
	  "effect": "minecraft:slowness",
      "duration": 100,
      "amplifier": 2,
      "is_ambient": true,
      "show_particles": false,
      "show_icon": true
    },
  "condition": {
   "type": "origins:in_rain"
  }
 },
 "rainresistance":  {
  "type": "origins:stacking_status_effect",
  "min_stacks": 0,
  "max_stacks": 1,
  "duration_per_stack" : 20,
  "amplifier": 0,
  "effect": {
   "effect": "minecraft:resistance",
      "duration": 100,
      "amplifier": 0,
      "is_ambient": true,
      "show_particles": false,
      "show_icon": true
  },
  "condition": {
   "type": "origins:in_rain"
  }
 },
 "name": "Rain Fusion",
 "description": "The rain causes the hard parts of your magma to fuse together, slowing you more but giving you a bit of resistance.",
 "hidden": true
}